邻水新闻,1
倔强,1
星际争霸2,1
邻水视频,1
程序员,1
天文地理爱好者,1
休闲,1
任性,1
轻音乐,1
淘宝,3
仙剑,2
自行车爱好者,1
失恋,1
辩论赛,1
B2C,1
咖啡生活,1
校园生活,1
西蒙开关,1
动画制作,1
精彩生活渠道商,1
粗犷Rugged,1
flash,1
电影,15
通信,2
间歇性自闭,1
80后宅女,1
网页游戏,1
旅游美食爱好者,2
年轻一代,1
3G网络,1
小恩爱,1
可爱,1
花痴一枚,1
拍照,1
江东,1
恩施,1
自由设计师,1
篮球,5
糗事,1
树莓,1
自助游爱好者,1
意大利交友网,1
幽默搞笑,1
gossipgirl,1
作词,1
历史文学,1
相亲,1
游泳,1
旅游美食,1
cool,1
8090正能量,1
电子商务,11
星迷,1
狮子座,2
正一,1
动漫爱好者,1
研发管理,1
儒雅,1
情感生活,1
意大利,1
SNS,1
河源新闻,1
主持人,1
乐事,1
治愈,1
文化之旅,1
音乐云,1
意大利非诚勿扰,1
互联网产品经理,1
咨询,1
摄影摄像,1
新疆,1
暴雪迷,1
空气净化,1
宅傻呆,1
票务,1
创业投资,1
游戏化,1
库尔勒美食,1
库尔勒餐饮,1
古玩拍卖,1
找对象,1
技术,1
我爱UC浏览器,1
机械手表控,1
皮皮淘,1
恩施旅游,1
青年作家,1
摄影,10
公益慈善环保,1
动画,1
bazinga,1
玉器收藏,1
考试资料,1
古董,1
往事不要再提,1
爱旅游,1
杨凌环评,1
生活服务,1
信息部,1
爱吓唬人,1
seo营销优化,1
单眼皮,1
新闻,6
音,1
迷糊,1
我就是我,1
开放平台,1
大片,1
非职业影评人,1
辩手,1
穷,1
民间工艺品,1
成长录,1
购物达人,1
分析,1
新娘饰品首饰,1
辩论,1
人力资源,1
古玩,1
苗族,1
长大在线,1
网上商城,1
淘宝网,1
恋爱,1
余姚,1
上W,1
辩论员,1
objectiveC,1
矛盾体,1
电容式触摸屏,1
大厨,1
旅程中,1
创新,1
电影爱好者,1
交友,10
八零后,1
网络营销顾问,1
淘宝店主,2
覆盆子,1
射手座,3
梅西,1
用户体验设计,1
西游,1
iphone,3
品茶,1
九块邮,1
天蝎座,1
V州,1
幻想,1
好摄之徒,1
红酒,1
杨凌工商注册,1
科幻,1
陕西环评,1
宝宝妈妈,1
百度推广,1
罗志祥,1
回笼觉,1
木匠,1
快乐,2
需求分析,1
美白,1
好玩意,1
公民,1
摩羯座,1
广告传媒,1
间歇性精神病,1
培训,2
错别字女王,1
会议,1
色彩控,1
羽,1
春秋航空,1
贵阳,1
事业单位考试,1
辩词,1
时装摄影师,1
社会责任,1
爱唱歌,1
软件,2
活体百度,1
愉悦,1
资讯统合思念体,1
VV传媒,1
时事,1
羽毛球,1
前WOWer,1
musicyun,1
原声音乐,1
广告公关,1
古董古玩,1
木工房网,1
奉化,1
悠哉旅游网,1
深圳礼服实体店,1
驴友,2
国际品牌婚纱馆,1
扬州,1
习武,1
卫生,1
饮酒,1
偏执狂,1
Cocoa,1
计算机,2
运动和旅游,1
Marketing,1
职业动画师,1
软件公司,1
学生,9
奉献,1
css,1
动静调频,1
玩具控,1
基督徒,1
高个控,1
技术宅,1
80后,16
sns最新游戏,1
V告,1
喜欢怀旧一切,1
商品代理,1
网络媒体,1
校园,3
品牌,2
语录,1
大学,3
mac,1
白羊座,2
微博控,2
美国,1
优雅生活,1
网上超市,1
河源美食,1
运动,4
杭州,1
上海航空,1
客户端,1
后台,1
善良,3
大数据,1
Apple,1
无聊,1
绩效管理,1
自由职业者,1
FUcK,1
一分钱竞拍,1
剧本创作,1
淘佣金,1
好书,2
测试,2
网站运营,1
机器学习,1
TFT,1
产品经理,3
杨阿琪,1
钝感力,1
photoshop,1
科幻游戏,1
鄞州,1
求职,1
逋,1
开朗,1
聊天交友,1
好性格,3
GLV浙联市场,1
水瓶座,2
留学,1
书籍,1
产品运营,1
挨踢,1
辩题,1
有为青年,1
批量采购,1
玉米,1
广播电影电视,1
俞灏明,1
喵,1
淘宝卖家,1
看电视,1
江门职业技术学,1
淘宝达人,1
腾讯粉,1
CocoaChina,1
旅行,13
装修材料,1
售前,1
报纸杂志,1
80後,2
献血,1
木工房,1
摄影爱好者,2
Cat,1
网络问政,1
角色动画,1
广播剧,1
iPhone,2
朗诵者,1
醉西游,1
足球,3
吃货,3
爱北京国安,1
龙楚翔,1
演员,1
媒体,2
opera,1
APP,1
双重性格,1
单纯,1
网站,2
攻城师,1
粉丝后援会,1
搜狗推广,1
教育,1
环境影响评价,1
贵州,2
外汇交易,1
水质净化,1
IT荡a,1
创业,7
广告策划,1
汕^,1
凯里,1
胡思乱想,1
鞋靴,1
时尚潮流控,1
美食达人,1
天翼,1
卡地亚,1
宅男,2
河源旅游,1
道教文化,1
起床困难户,1
北航,1
意大利征婚,1
科幻小说,1
贵州民族工艺品,1
冷笑话精选,1
品烟学问,1
交朋友,1
MYFashion,1
开心,1
河源,1
我是歌手,1
代理POS刷卡机,1
UEO,1
企业微博运营,1
简单,1
学习,1
动漫,6
美剧迷,1
完美主义强迫症,1
地震局,1
爱睡觉,1
邻水,1
手机应用,1
活泼开朗,2
同城,1
纯音乐,1
科幻评论,1
南宫,1
生活百科,1
装修设计,1
BlackBerry,1
魅力恩施,1
量身定制租赁,1
自然科学,1
库尔勒团购,1
数字出版,1
粤语,1
睡觉睡到自然醒,1
辩论赛计时器,1
学生一枚,2
社交电视,2
天然,1
微博服务,1
单身,2
贷款,1
CocoaTouch,1
贷款咨询,1
咖啡,1
魔域,1
导购,1
经典语录,1
帅哥,2
身残志坚我能行,1
APP开发,1
购物,3
营销,4
伊卡璐,1
厦门金彩生活,1
工作狂,1
宝宝成长,1
网游,1
打球,1
欧美,1
西安公司注册,1
自由职业,2
名人字画,1
自带干粮五毛,1
音乐,16
云计算,2
地震预报,1
教育就业,16
青春,1
读书,3
彩妆护肤,1
厦门旅游,1
茄子,1
江门农林小学,1
ipad,2
社团宣传,1
独立现场摄影师,1
SEO优化,1
爱情,3
捐赠,1
声控颜控卖萌控,1
建筑,2
校园新闻,1
新生代育儿,1
美食食谱,1
天使贸易网,1
英语,3
云存储,1
台湾Aring婚纱,1
家居装饰,1
月翼潮流,1
COSPLAY,1
火影忍者,1
校际交流,1
潮流,1
公益,2
数据分析与挖掘,1
卡特,1
阳光,1
销售与市场,1
应用,1
胡闹,1
厦门美食,1
B2C电子商务,1
学术,1
全能艺人,1
猫星人,1
机票预订,1
意大利华人网,1
现代,1
3G,2
意大利苏妃礼服,1
成熟,1
休闲Casual,1
绘画,1
管理咨询,1
技术总监,1
游戏动漫,11
网站推广,1
工艺品,1
学生事务,1
中文,1
丝袜控,1
人人喜欢,1
地震台网,1
Linux,1
国际品牌,1
外汇投资,1
恩施路边社,1
数字营销,1
招渠道推广商,1
古典,1
开元旅游,1
贵州微博,1
古董收藏,1
钢琴,1
喜欢音乐,1
道教诗歌,1
善解人意,1
地震速报,1
青春长大,1
版权音乐,1
潘,1
BMC商城,1
宅,10
心理学,2
就会开会,1
瓷器收藏,1
思考,1
WP,1
设计,4
广告人,1
电脑,2
特稀奇,1
长江大学,1
新闻资讯,35
潮人,1
遵义,1
室内设计,1
web前端,1
博客,1
Js,1
C2C,1
,1
高中生,1
旅游,35
阅读,3
度假,1
黄靴,1
御宝进口牛奶粉,1
重口味,1
华语辩论网,1
天猫商城,1
吃货一枚,1
仰望星空,1
iOS开发社区,1
强迫症,1
自由,8
IT数码,64
数码,6
新媒体,2
健康,36
瘦身,1
团队管理,1
男人,2
慈善,1
最新地震,1
,2
长大长新,1
企业微博营销,1
六盘水,1
网络,7
共赢,1
三网融合,1
时尚,42
PHP,1
歌手,1
唯美语录,1
90,1
垂直SNS,1
ALIPAY,1
微博运营,1
喜欢旅游,1
信息检索,1
BTV,1
心理,1
看电影,1
掌上通,1
夜猫子,2
ddota,1
seo,1
Android,5
金牛座,6
i宝贝u营养,1
90后的青春男孩,1
可行性研究报告,1
深圳,1
宁波,1
手工,1
管理,1
wow,1
爱魔兽,1
进口奶粉,1
COSPLAY门户,1
邻水县,1
手机控,1
坚强,3
弱电工程,1
市场,1
白羊,1
服装,1
台湾芊翔西服,1
程序猿,2
蓝莓,1
邻水信息,1
股票,2
道教养生,1
ok管家,1
微博,7
媒体人,1
宝宝拍照,1
分手,1
90后,12
自信,3
三维动画,1
生命,1
平常心,3
事业单位,1
码农,1
上海,1
双鱼座,1
数据产品,1
研发,1
户外,1
用户体验,1
广告,2
道教之音,1
许嵩迷,1
网络硬盘,1
淡定,1
巴州,1
COS,1
暴躁狂,1
爱美食,1
纠结,1
GEEK,1
期货,1
微网,1
寂寞,1
DOTA,1
喜欢听歌,2
淘宝控,2
java,4
全真,1
另类设计师,1
余姚印钞联盟,1
悠哉,1
蔡依林,1
工作,1
红梦纯手工,1
健忘,1
宁海,1
汕头,1
cloudstack,1
签证,1
小提琴,1
射手,2
周星驰,1
江北,1
桌球,1
CG,1
美剧,5
屠龙传说,1
阴阳术数,1
精准传播,1
生活大爆炸,1
房产,1
伯俊软件,1
微笑，奔跑,1
陕西公司注册,1
小女人,2
建筑师,1
执信中学,1
金牛,1
河源微营销,1
数据仓库,1
道教音乐,1
上海静安寺,1
宅女,5
听音乐,3
DCDV,1
内心强大,1
杨凌公司注册,1
苹果教,1
文学作家,1
海曙,1
服饰,2
KTV,1
米兰,1
90後,2
烟草,1
外汇,1
综合购物平台,1
星座控,1
小清新,2
粉红控,1
美食DIY,1
DIY,1
汪|城家族,1
机票,1
软件工程,1
美女控,1
创意,1
共,1
意大利人,1
生活,4
黄金投资,1
激情工作,1
巨蟹座,3
星爷,1
恩施美食,1
吉象吉送,1
科技,3
爱音乐,1
被情伤过的女人,1
陕西能评,1
android,2
星座命理,17
angelababy,1
音乐控,1
爱电影,1
红梦,1
艺术,2
事业单位招聘,1
搞笑,4
恩施女儿会,1
IT,13
消费,1
简约主义,1
健康保健,1
日语,1
八卦,2
打折机票,1
幽默,1
SEM营销,1
医学,1
酒店预订,1
折扣,1
第二屏,1
ARM,1
黄金外汇,1
灵感,1
投资理财,31
个人站长,1
京港地铁,1
我是懒羊羊,1
money,1
不瞎晃要奋进,1
8玩,1
偶稀饭睡觉觉,2
电影控,1
悦享,1
手机,4
看书,1
iOS,2
宝宝成长足迹,1
创业路上,1
外星,1
文学,4
玩,1
预报,1
笑话,1
微博推广,1
松江大学城,1
西安,1
古典音乐,2
LCD液晶显示屏,1
淘返利,1
全城职位,1
化妆,1
仙后,1
护肤,1
特产美食,1
懒人,1
HitFM,1
汽车,26
微博达人,1
北仑,1
美女,48
木工,1
爱猫,1
西柚,1
计算机软件,1
奶粉,1
上网玩,1
红楼梦,1
幼稚,1
天猫,1
潮流Fashion,1
傲娇型宅女,1
中国电信,1
社会化,1
台湾曼尼婚纱,1
足球迷,1
NJ,1
网络营销,1
腐女,1
google,1
新世纪音乐,1
禽兽,1
体育,19
库尔勒那点事,1
,2
爱心,1
地震,1
军事,22
宁波人,1
电视,2
商业智能,1
独立音乐人,1
新西兰进口,1
游戏,7
页游平台,1
松江,1
乘客,1
余少群,1
文艺,27
家庭网购,1
网球,2
团购网,1
明星,1
mpls,1
自助游,1
一起惠返利网,1
逛街,1
陆锋伯森,1
科幻新闻,1
听歌,19
上网,5
城市O2O,1
Lucene,1
古董鉴定,1
库尔勒,1
地震预测,1
职场,1
房a,2
大学生,4
汪|城,1
Unity3D,1
历史,2
命运,1
携程,1
早起族,1
吃喝玩乐,2
程序,1
天蝎女,2
神器,1
大话西游,1
意大利征婚网,1
红莓,1
Hbase,1
政治经济军事,1
写作,2
娱乐,63
动画师,1
原创,1
论辩,1
卷皮,1
珍珠,1
爱旅行,1
西门子开关,1
美剧控,2
神经质,1
放你D那壹刻,1
记者,1
广告营销,1
设计师,2
微博代运营,1
唱歌,3
A股,2
恩施天气,1
卡妈星球,1
美食爱好者,1
田,1
睡觉,4
古文,1
罗马,1
团购,1
陈小赫,1
乐观,2
著名词曲作家,1
移动互联网,9
江门附中,1
NBA,2
微博营销,3
骑行,1
媒体编辑,1
苹果,2
zenoss,1
温顺,1
ScienceFiction,1
象屿集团,1
欧美音乐,1
网络推广,1
爱自由,2
整罐进口,1
降魔篇,1
火车票预订,1
猫狗控,1
贵州网,1
液晶显示屏,1
VeraWang婚纱,1
环保,1
人人网,1
IT互联网,3
慈溪,1
科幻电影,1
宝宝时光,1
少妇,1
会员制,1
辩论稿,1
文字,2
玩儿,1
人人连接,1
咖啡客,1
花X,1
浪漫,2
咖啡控,1
电子音乐,1
生活时尚,1
大都会科幻,1
民生,1
咖啡文化,1
网购,7
Vivan婚纱礼服,1
传统文化爱好者,1
团委,1
123,1
小说,1
汪东城,1
养生,1
硬朗Tough,1
产品设计,1
微博管理,1
秒杀,1
草本,1
digital,1
意志,1
解酒,1
开源爱好者,1
开源技术,1
睡神,1
白银,1
萧山,1
前沿科学,1
和谐你妹,1
爬山,1
真水无香,1
连接服务器失败,1
黄金交易,1
双子座,1
解决之道,1
单反,1
Android开发,1
写字,1
互联网创业,1
孩子,1
亲情,1
iPad,1
潜能,1
QE3,1
出境,1
传媒,1
互联网,10
严肃派,1
美食,35
电视台,1
天秤座,2
小说迷,1
便利店免费加盟,1
电影迷,1
汪东城中文网,1